MARABAHAN~ALALAK~1~MRH01~ALALAK~Belandean
MARABAHAN~ALALAK~2~MRH01~ALALAK~Belandean Muara
MARABAHAN~ALALAK~3~MRH01~ALALAK~Berangas
MARABAHAN~ALALAK~4~MRH01~ALALAK~Berangas Barat
MARABAHAN~ALALAK~5~MRH01~ALALAK~Berangas Timur
MARABAHAN~ALALAK~6~MRH01~ALALAK~Beringin
MARABAHAN~ALALAK~7~MRH01~ALALAK~Handil Bakti
MARABAHAN~ALALAK~8~MRH01~ALALAK~Panca Karya
MARABAHAN~ALALAK~9~MRH01~ALALAK~Pulau Alalak
MARABAHAN~ALALAK~10~MRH01~ALALAK~Pulau Sewangi
MARABAHAN~ALALAK~11~MRH01~ALALAK~Pulau Sugara
MARABAHAN~ALALAK~12~MRH01~ALALAK~Sei/Sungai Lumbah
MARABAHAN~ALALAK~13~MRH01~ALALAK~Sei/Sungai Pitung
MARABAHAN~ALALAK~14~MRH01~ALALAK~Semangat Bakti
MARABAHAN~ALALAK~15~MRH01~ALALAK~Semangat Dalam
MARABAHAN~ALALAK~16~MRH01~ALALAK~Semangat Karya
MARABAHAN~ALALAK~17~MRH01~ALALAK~Tanjung Harapan
MARABAHAN~ALALAK~18~MRH01~ALALAK~Tatah Mesjid
MARABAHAN~ANJIR MUARA~1~MRH01~ANJIR MUARA~Anjir Muara Kota
MARABAHAN~ANJIR MUARA~2~MRH01~ANJIR MUARA~Anjir Muara Kota Tengah
MARABAHAN~ANJIR MUARA~3~MRH01~ANJIR MUARA~Anjir Muara Lama
MARABAHAN~ANJIR MUARA~4~MRH01~ANJIR MUARA~Anjir Serapat Baru
MARABAHAN~ANJIR MUARA~5~MRH01~ANJIR MUARA~Anjir Serapat Baru I
MARABAHAN~ANJIR MUARA~6~MRH01~ANJIR MUARA~Anjir Serapat Lama
MARABAHAN~ANJIR MUARA~7~MRH01~ANJIR MUARA~Anjir Serapat Muara
MARABAHAN~ANJIR MUARA~8~MRH01~ANJIR MUARA~Anjir Serapat Muara I
MARABAHAN~ANJIR MUARA~9~MRH01~ANJIR MUARA~Beringin Jaya
MARABAHAN~ANJIR MUARA~10~MRH01~ANJIR MUARA~Marabahan Baru
MARABAHAN~ANJIR MUARA~11~MRH01~ANJIR MUARA~Patih Muhur
MARABAHAN~ANJIR MUARA~12~MRH01~ANJIR MUARA~Patih Muhur Baru
MARABAHAN~ANJIR MUARA~13~MRH01~ANJIR MUARA~Sei/Sungai Punggu
MARABAHAN~ANJIR MUARA~14~MRH01~ANJIR MUARA~Sei/Sungai Punggu Baru
MARABAHAN~ANJIR MUARA~15~MRH01~ANJIR MUARA~Sepakat Bersama
MARABAHAN~ANJIR PASAR~1~MRH01~ANJIR PASAR~Andaman
MARABAHAN~ANJIR PASAR~2~MRH01~ANJIR PASAR~Andaman II
MARABAHAN~ANJIR PASAR~3~MRH01~ANJIR PASAR~Anjir Pasar Kota
MARABAHAN~ANJIR PASAR~4~MRH01~ANJIR PASAR~Anjir Pasar Kota II
MARABAHAN~ANJIR PASAR~5~MRH01~ANJIR PASAR~Anjir Pasar Lama
MARABAHAN~ANJIR PASAR~6~MRH01~ANJIR PASAR~Anjir Seberang Pasar
MARABAHAN~ANJIR PASAR~7~MRH01~ANJIR PASAR~Anjir Seberang Pasar II
MARABAHAN~ANJIR PASAR~8~MRH01~ANJIR PASAR~Banyiur
MARABAHAN~ANJIR PASAR~9~MRH01~ANJIR PASAR~Barunai Baru
MARABAHAN~ANJIR PASAR~10~MRH01~ANJIR PASAR~Danau Karya
MARABAHAN~ANJIR PASAR~11~MRH01~ANJIR PASAR~Gandaraya
MARABAHAN~ANJIR PASAR~12~MRH01~ANJIR PASAR~Gandaria
MARABAHAN~ANJIR PASAR~13~MRH01~ANJIR PASAR~Hilir Mesjid
MARABAHAN~ANJIR PASAR~14~MRH01~ANJIR PASAR~Mentaren
MARABAHAN~ANJIR PASAR~15~MRH01~ANJIR PASAR~Pandan Sari
MARABAHAN~BAKUMPAI~1~MRH01~BAKUMPAI~Lepasan
MARABAHAN~BAKUMPAI~2~MRH01~BAKUMPAI~Bahalayung
MARABAHAN~BAKUMPAI~3~MRH01~BAKUMPAI~Balukung
MARABAHAN~BAKUMPAI~4~MRH01~BAKUMPAI~Banitan
MARABAHAN~BAKUMPAI~5~MRH01~BAKUMPAI~Batik
MARABAHAN~BAKUMPAI~6~MRH01~BAKUMPAI~Benua Anyar
MARABAHAN~BAKUMPAI~7~MRH01~BAKUMPAI~Murung Raya
MARABAHAN~BAKUMPAI~8~MRH01~BAKUMPAI~Palingkau
MARABAHAN~BAKUMPAI~9~MRH01~BAKUMPAI~Sei/Sungai Lirik
MARABAHAN~BARAMBAI~1~MRH01~BARAMBAI~Bagagap
MARABAHAN~BARAMBAI~2~MRH01~BARAMBAI~Barambai
MARABAHAN~BARAMBAI~3~MRH01~BARAMBAI~Barambai Karya Tani
MARABAHAN~BARAMBAI~4~MRH01~BARAMBAI~Barambai Kolam Kanan
MARABAHAN~BARAMBAI~5~MRH01~BARAMBAI~Barambai Kolam Kiri
MARABAHAN~BARAMBAI~6~MRH01~BARAMBAI~Handil Barabai
MARABAHAN~BARAMBAI~7~MRH01~BARAMBAI~Karya Baru
MARABAHAN~BARAMBAI~8~MRH01~BARAMBAI~Kolam Kiri Dalam
MARABAHAN~BARAMBAI~9~MRH01~BARAMBAI~Pendalaman
MARABAHAN~BARAMBAI~10~MRH01~BARAMBAI~Pendalaman Baru
MARABAHAN~BARAMBAI~11~MRH01~BARAMBAI~Sei/Sungai Kali
MARABAHAN~BELAWANG~1~MRH01~BELAWANG~Bambangin
MARABAHAN~BELAWANG~2~MRH01~BELAWANG~Belawang
MARABAHAN~BELAWANG~3~MRH01~BELAWANG~Binaan Baru
MARABAHAN~BELAWANG~4~MRH01~BELAWANG~Karang Buah
MARABAHAN~BELAWANG~5~MRH01~BELAWANG~Karang Dukuh
MARABAHAN~BELAWANG~6~MRH01~BELAWANG~Murung Keramat
MARABAHAN~BELAWANG~7~MRH01~BELAWANG~Parimata
MARABAHAN~BELAWANG~8~MRH01~BELAWANG~Patih Salera
MARABAHAN~BELAWANG~9~MRH01~BELAWANG~Rangga Surya
MARABAHAN~BELAWANG~10~MRH01~BELAWANG~Samuda
MARABAHAN~BELAWANG~11~MRH01~BELAWANG~Sei/Sungai Seluang
MARABAHAN~BELAWANG~12~MRH01~BELAWANG~Sei/Sungai Seluang Pasar
MARABAHAN~BELAWANG~13~MRH01~BELAWANG~Sukaramai
MARABAHAN~CERBON~1~MRH01~CERBON~Badandan
MARABAHAN~CERBON~2~MRH01~CERBON~Bantuil
MARABAHAN~CERBON~3~MRH01~CERBON~Sawahan
MARABAHAN~CERBON~4~MRH01~CERBON~Sei/Sungai Kambat
MARABAHAN~CERBON~5~MRH01~CERBON~Sei/Sungai Rasau
MARABAHAN~CERBON~6~MRH01~CERBON~Sei/Sungai Raya
MARABAHAN~CERBON~7~MRH01~CERBON~Sei/Sungai Tunjang
MARABAHAN~CERBON~8~MRH01~CERBON~Simpang Nungki
MARABAHAN~JEJANGKIT~1~MRH01~JEJANGKIT~Bahandang
MARABAHAN~JEJANGKIT~2~MRH01~JEJANGKIT~Cahaya Baru
MARABAHAN~JEJANGKIT~3~MRH01~JEJANGKIT~Jejangkit Barat
MARABAHAN~JEJANGKIT~4~MRH01~JEJANGKIT~Jejangkit Muara
MARABAHAN~JEJANGKIT~5~MRH01~JEJANGKIT~Jejangkit Pasar
MARABAHAN~JEJANGKIT~6~MRH01~JEJANGKIT~Jejangkit Timur
MARABAHAN~JEJANGKIT~7~MRH01~JEJANGKIT~Sampurna
MARABAHAN~KURIPAN~1~MRH01~KURIPAN~Asia Baru
MARABAHAN~KURIPAN~2~MRH01~KURIPAN~Batik
MARABAHAN~KURIPAN~3~MRH01~KURIPAN~Jambu
MARABAHAN~KURIPAN~4~MRH01~KURIPAN~Jambu Baru
MARABAHAN~KURIPAN~5~MRH01~KURIPAN~Jarenang
MARABAHAN~KURIPAN~6~MRH01~KURIPAN~Kabuau
MARABAHAN~KURIPAN~7~MRH01~KURIPAN~Kuripan
MARABAHAN~KURIPAN~8~MRH01~KURIPAN~Rimbun Tulang
MARABAHAN~KURIPAN~9~MRH01~KURIPAN~Tabatan
MARABAHAN~KURIPAN~10~MRH01~KURIPAN~Tabatan Baru
MARABAHAN~MANDASTANA~1~MRH01~MANDASTANA~Antasan Segara
MARABAHAN~MANDASTANA~2~MRH01~MANDASTANA~Bangkit Baru
MARABAHAN~MANDASTANA~3~MRH01~MANDASTANA~Karang Bunga
MARABAHAN~MANDASTANA~4~MRH01~MANDASTANA~Karang Indah
MARABAHAN~MANDASTANA~5~MRH01~MANDASTANA~Lok Rawa
MARABAHAN~MANDASTANA~6~MRH01~MANDASTANA~Pantai Hambawang
MARABAHAN~MANDASTANA~7~MRH01~MANDASTANA~Puntik Dalam
MARABAHAN~MANDASTANA~8~MRH01~MANDASTANA~Puntik Luar
MARABAHAN~MANDASTANA~9~MRH01~MANDASTANA~Puntik Tengah
MARABAHAN~MANDASTANA~10~MRH01~MANDASTANA~Sei/Sungai Ramania
MARABAHAN~MANDASTANA~11~MRH01~MANDASTANA~Tabing Rimbah
MARABAHAN~MANDASTANA~12~MRH01~MANDASTANA~Tanipah
MARABAHAN~MANDASTANA~13~MRH01~MANDASTANA~Tatah Alayung
MARABAHAN~MANDASTANA~14~MRH01~MANDASTANA~Terantang
MARABAHAN~MARABAHAN~1~MRH01~MARABAHAN~Antar Baru
MARABAHAN~MARABAHAN~2~MRH01~MARABAHAN~Antar Jaya
MARABAHAN~MARABAHAN~3~MRH01~MARABAHAN~Antar Raya
MARABAHAN~MARABAHAN~4~MRH01~MARABAHAN~Bagus
MARABAHAN~MARABAHAN~5~MRH01~MARABAHAN~Baliuk
MARABAHAN~MARABAHAN~6~MRH01~MARABAHAN~Marabahan Kota
MARABAHAN~MARABAHAN~7~MRH01~MARABAHAN~Penghulu
MARABAHAN~MARABAHAN~8~MRH01~MARABAHAN~Sidomakmur
MARABAHAN~MARABAHAN~9~MRH01~MARABAHAN~Ulu Benteng
MARABAHAN~MEKAR SARI~1~MRH01~MEKAR SARI~Indah Sari
MARABAHAN~MEKAR SARI~2~MRH01~MEKAR SARI~Jelapat II
MARABAHAN~MEKAR SARI~3~MRH01~MEKAR SARI~Karang Mekar
MARABAHAN~MEKAR SARI~4~MRH01~MEKAR SARI~Mekar Sari
MARABAHAN~MEKAR SARI~5~MRH01~MEKAR SARI~Tamban Raya
MARABAHAN~MEKAR SARI~6~MRH01~MEKAR SARI~Tamban Raya Baru
MARABAHAN~MEKAR SARI~7~MRH01~MEKAR SARI~Tinggiran Baru
MARABAHAN~MEKAR SARI~8~MRH01~MEKAR SARI~Tinggiran Darat
MARABAHAN~MEKAR SARI~9~MRH01~MEKAR SARI~Tinggiran Tengah
MARABAHAN~RANTAU BADAUH~1~MRH01~RANTAU BADAUH~Danda Jaya
MARABAHAN~RANTAU BADAUH~2~MRH01~RANTAU BADAUH~Pindahan Baru
MARABAHAN~RANTAU BADAUH~3~MRH01~RANTAU BADAUH~Sei/Sungai Bamban
MARABAHAN~RANTAU BADAUH~4~MRH01~RANTAU BADAUH~Sei/Sungai Gampa
MARABAHAN~RANTAU BADAUH~5~MRH01~RANTAU BADAUH~Sei/Sungai Gampa Asahi
MARABAHAN~RANTAU BADAUH~6~MRH01~RANTAU BADAUH~Sei/Sungai Pantai
MARABAHAN~RANTAU BADAUH~7~MRH01~RANTAU BADAUH~Sei/Sungai Sahurai
MARABAHAN~RANTAU BADAUH~8~MRH01~RANTAU BADAUH~Simpang Arja
MARABAHAN~RANTAU BADAUH~9~MRH01~RANTAU BADAUH~Sinar Baru
MARABAHAN~TABUKAN~1~MRH01~TABUKAN~Bandar Karya
MARABAHAN~TABUKAN~2~MRH01~TABUKAN~Karya Indah
MARABAHAN~TABUKAN~3~MRH01~TABUKAN~Karya Jadi
MARABAHAN~TABUKAN~4~MRH01~TABUKAN~Karya Makmur
MARABAHAN~TABUKAN~5~MRH01~TABUKAN~Muara Pulau
MARABAHAN~TABUKAN~6~MRH01~TABUKAN~Pantang Baru
MARABAHAN~TABUKAN~7~MRH01~TABUKAN~Pantang Raya
MARABAHAN~TABUKAN~8~MRH01~TABUKAN~Rantau Bamban
MARABAHAN~TABUKAN~9~MRH01~TABUKAN~Tabukan Raya
MARABAHAN~TABUKAN~10~MRH01~TABUKAN~Tamba Jaya
MARABAHAN~TABUKAN~11~MRH01~TABUKAN~Teluk Tamba
MARABAHAN~TABUNGANEN~1~MRH01~TABUNGANEN~Beringin Kencana
MARABAHAN~TABUNGANEN~2~MRH01~TABUNGANEN~Karya Baru
MARABAHAN~TABUNGANEN~3~MRH01~TABUNGANEN~Kuala Lupak
MARABAHAN~TABUNGANEN~4~MRH01~TABUNGANEN~Sei/Sungai Jingah Besar
MARABAHAN~TABUNGANEN~5~MRH01~TABUNGANEN~Sei/Sungai Telan Besar
MARABAHAN~TABUNGANEN~6~MRH01~TABUNGANEN~Sei/Sungai Telan Kecil
MARABAHAN~TABUNGANEN~7~MRH01~TABUNGANEN~Sei/Sungai Telan Muara
MARABAHAN~TABUNGANEN~8~MRH01~TABUNGANEN~Sei/Sungai Teras Dalam
MARABAHAN~TABUNGANEN~9~MRH01~TABUNGANEN~Sei/Sungai Teras Luar
MARABAHAN~TABUNGANEN~10~MRH01~TABUNGANEN~Tabunganen Kecil
MARABAHAN~TABUNGANEN~11~MRH01~TABUNGANEN~Tabunganen Muara
MARABAHAN~TABUNGANEN~12~MRH01~TABUNGANEN~Tabunganen Pemurus
MARABAHAN~TABUNGANEN~13~MRH01~TABUNGANEN~Tabunganen Tengah
MARABAHAN~TABUNGANEN~14~MRH01~TABUNGANEN~Tanggul Rejo
MARABAHAN~TAMBAN~1~MRH01~TAMBAN~Damsari
MARABAHAN~TAMBAN~2~MRH01~TAMBAN~Jelapat Baru
MARABAHAN~TAMBAN~3~MRH01~TAMBAN~Jelapat I
MARABAHAN~TAMBAN~4~MRH01~TAMBAN~Koanda
MARABAHAN~TAMBAN~5~MRH01~TAMBAN~Purwosari Baru
MARABAHAN~TAMBAN~6~MRH01~TAMBAN~Purwosari I
MARABAHAN~TAMBAN~7~MRH01~TAMBAN~Purwosari II
MARABAHAN~TAMBAN~8~MRH01~TAMBAN~Sekata Baru
MARABAHAN~TAMBAN~9~MRH01~TAMBAN~Sidorejo
MARABAHAN~TAMBAN~10~MRH01~TAMBAN~Tamban Bangun
MARABAHAN~TAMBAN~11~MRH01~TAMBAN~Tamban Bangun Baru
MARABAHAN~TAMBAN~12~MRH01~TAMBAN~Tamban Kecil
MARABAHAN~TAMBAN~13~MRH01~TAMBAN~Tamban Muara
MARABAHAN~TAMBAN~14~MRH01~TAMBAN~Tamban Muara Baru
MARABAHAN~TAMBAN~15~MRH01~TAMBAN~Tamban Sari Baru
MARABAHAN~WANARAYA~1~MRH01~WANARAYA~Babat Raya
MARABAHAN~WANARAYA~2~MRH01~WANARAYA~Dwi Pasari
MARABAHAN~WANARAYA~3~MRH01~WANARAYA~Kolam Kanan
MARABAHAN~WANARAYA~4~MRH01~WANARAYA~Kolam Kiri
MARABAHAN~WANARAYA~5~MRH01~WANARAYA~Kolam Makmur
MARABAHAN~WANARAYA~6~MRH01~WANARAYA~Pinang Habang
MARABAHAN~WANARAYA~7~MRH01~WANARAYA~Roham Raya
MARABAHAN~WANARAYA~8~MRH01~WANARAYA~Sido Mulyo
MARABAHAN~WANARAYA~9~MRH01~WANARAYA~Simpang Jaya
MARABAHAN~WANARAYA~10~MRH01~WANARAYA~Sumber Rahayu
MARABAHAN~WANARAYA~11~MRH01~WANARAYA~Surya Kanta
MARABAHAN~WANARAYA~12~MRH01~WANARAYA~Tumih
MARABAHAN~WANARAYA~13~MRH01~WANARAYA~Waringin Kencana
